{
  "education": {
    "Bachelor": 0.2996232157165,
    "HS or less": 0.24838142063864105,
    "Some college": 0.27392259348183856,
    "Graduate": 0.1780727701630237
  },
  "income_bin": {
    "35-75k": 0.3173311176445832,
    "75-150k": 0.3027992488213076,
    "<35k": 0.20759759259281685,
    "150k+": 0.17227204094129592
  },
  "region": {
    "South": 0.3904284808152603,
    "Midwest": 0.20902502513819843,
    "Northeast": 0.16907661883644548,
    "West": 0.23146987521009862
  },
  "age_bin": {
    "45-54": 0.1676656453977673,
    "18-24": 0.12777379752725074,
    "55-64": 0.1559982356297212,
    "65-84": 0.18421135630105478,
    "35-44": 0.1858879446780992,
    "25-34": 0.17846302046611007
  }
}
